33,RRRRRRRRRRRRRRRRRRRRRRRRRRRRRRRRRRRRRRRRRRYYRRRRRRRRRRRRRRRRRRRRRRRRRRRRRRRRRRRRRRRRRRRRRRRRRRRRRRRRRRRRRRRRRR
33,RRRRRRRRRRRRRRRRRRRRRRRRRRRRRRRRRRRRRRRRRYYYYRRRRRRRRRRRRRRRRRRRRRRRRRRRRRRRRRRRRRRRRRRRRRRRRRRRRRRRRRRRRRYYRR
33,RRRRRRRRRRRRRRRRRRRRRRRRRRRRRRRRRRRRRRRRYYRRYYRRRRRRRRRRRRRRRRRRRRRRRRRRRRRRRRRRRRRRRRRRRRRRRRRRRRRRRRRRRRYYRR
33,RRRRRRRRRRRRRRRRRRRRRRRRRRRRRRRRRRRRRRYYYRRRRYYYRRRRRRRRRRRRRRRRRRRRRRRRRRRRRRRRRRRRRRRRRRRRRRRRRRRRRRRRRRYYRR
33,RRRRRRRRRRRRRRRRRRRRRRRRRRRRRRRRRRRRRRYYRRRRRRYYYRRRRRRRRRRRRRRRRRRRRRRRRRRYYRRRRRRRRRRRRRRRRRRRRRRRRRRYRRYYRR
33,RRRRRRRRRRRRRRRRRRRRRRRRRRRRRRRRRRRRRRYYRRRRRRYYYYRRRRRRRRRRRRRRRRRRRRRRRRYYYYRRRRRRRRRRRRRRRRRRRRRRRRYYRYYYYR
33,RRRRRRRRRRRRRRRRRRRRRRRRRRRRRRRRRRRRRRRRRRRRRRRRYYYRRRRRRRRRRRRRRRRRRRRRRYYYYYYRRRRRRRRRRRRRRRRRRRRRRYYYRYYYYR
33,RRRRRRRRRRRRRRRRRRRRRRRRRRRRRRRRRRRRRRRRRRRRRRRRRYYYRRRRRRRRRRRRRRRRRRRRYYYRRYYYRRRRRRRRRRRRRRRRRRRRYYYRRYYYYR
33,RRRRRRRRRRRRRRRRRRRRRRRRRRRRRRRRRRRRRRRRRRRRRRRRRRYYYRRRRRRRRRRRRRRRRRRYYYRRRRYYYRRRRRRRRRRRRRRRRRRYYYRRRYYYYR
33,RRRRRRRRRRRRRRRRRRRRRRRRRRRRRRRRRRRRRRRRRRRRRRRRRRRYYYRRRRRRRRRRRRRRRRYYYRRRRRRYYYRRRRRRRRRRRRRRRRYYYRRRYYYYYY
33,RRRRRRRRRRRRRRRRRRRRRRRRRRRRRRRRRRRRRRRRRRRRRRRRRRRRYYYRRRRRRRRRRRRRRYYYRRRRRRRRYYYRRRRRRRRRRRRRRYYYRRRRYYYYYY
33,RRRRRRRRRRRRRRRRRRRRRRRRRRRRRRRRRRRRRRRRRRRRRRRRRRRRRYYYRRRRRRRRRRRRYYYRRRRRRRRRRYYYRRRRRRRRRRRRYYYRRRRRYYYYYY
33,RRRRRRRRRRRRRRRRRRRRRRRRRRRRRRRRRRRRRRRRRRRRRRRRRRRRRRYYYRRRRRRRRRRYYYRRRRRRRRRRRRYYYRRRRRRRRRRYYYRRRRRRYYYYYY
33,RRRRRRRRRRRRRRRRRRRRRRRRRRRRRRRRRRRRRRRRRRRRRRRRRRRRRRRYYYRRRRRRRRYYYRRRRRRRRRRRRRRYYYRRRRRRRRYYYRRRRRRRYYYYYY
33,RRRRRRRRRRRRRRRRRRRRRRRRRRRRRRRRRRRRRRRRRRRRRRRRRRRRRRRRYYYRRRRRRYYYRRRRRRRRRRRRRRRRYYYRRRRRRYYYRRRRRRRRYYYYYY
33,RRRRRRRRRRRRRRRRRRRRRRRRRRRRRRRRRRRRRRRRRRRRRRRRRRRRRRRRRYYYRRRRYYYRRRRRRRRRRRRRRRRRRYYYRRRRYYYRRRRRRRRRYYYYYY
33,RRRRRRRRRRRRRRRRRRRRRRRRRRRRRRRRRRRRRRRRRRRRRRRRRRRRRRRRRRYYYRRYYYRRRRRRRRRRRRRRRRRRRRYYYRRYYYRRRRRRRRRRYYYYYY
33,RRRRRRRRRRRRRRRRRRRRRRRRRRRRRRRRRRRRRRRRRRRRRRRRRRRRRRRRRRRYYYYYYRRRRRRRRRRRRRRRRRRRRRRYYYYYYRRRRRRRRRRRYYYYYY
33,RRRRRRRRRRRRRRRRRRRRRRRRRRRRYYRRRRRRYYRRRRRRRRRRRRRRRRRRRRRRYYYYRRRRRRRRRRRRRRRRRRRRRRRRYYYYRRRRRRRRRRRRYYYYYY
33,RRRRRRRRRRRRRRRRRRRRRRRRRRRRYYRRRRRRYYRRRRRRRRRRRRRRRRRRRRRRRYYRRRRRRRRRRRRRRRRRRRRRRRRRRYYRRRRRRRRRRRRRYYYYYY
33,RRRRRRRRRRRRRRRRRRRRRRRRRRRRYYYRRRRYYYRRRRRRRRRRRRRRRRRRRRRRRRRRRRRRRRRRRRRRRRRRRRRRRRRRRRRRRRRRRRRRRRRRYYYYYY
33,RRRRRRRRRRRRRRRRRRRRRRRRRRRRRRYYRRYYRRRRRRRRRRRRRRRRRRRRRRRRRRRRRRRRRRRRRRRRRRRRRRRRRRRRRRRRRRRRRRRRRRRRRYYYYR
33,RRRRRRRRRRRRRRRRRRRRRRRRRRRRRRRYYYYRRRRRRRRRRRRRRRRRRRRRRRRRRRRRRRRRRRRRRRRRRRRRRRRRRRRRRRRRRRRRRRRRRRRRRYYYYR
33,RRRRRRRYYRRRRRRRRRRRRRRRRRRRRRRRYYRRRRRRRRRRRRRRRRRRRRRRRRRRRRRRRRRRRRRRRRRRRRRRRRRRRRRRRRRRRRRRRRRRRRRRRYYYYR
33,RRRRRRYYYYRRRRRRRRRRRRRRRRRRRRRRRRRRRRRRRRRRRRRRRRRRRRRRRRRRRRRRRRRRRRRRRRRRRRRRRRRRRRRRRRRRRRRRRRRRRRRRRYYYYR
33,RRRRRYYYYYYRRRRRRRRRRRRRRRRRRRRRRRRRRRRRRRRRRRRRRRRRRRRRRRRRRRRRRRRRRRRRRRRRRRRRRRRRRRRRRRRRRRRRRRRRRRRRRYYYYR
33,RRRRYYYRRYYYRRRRRRRRRRRRRRRRRRRRRRRRRRRRRRRRRRRRRRRRRRRRRRRRRRRRRRRRRRRRRRRRRRRRRRRRRRRRRRRRRRRRRRRRRRRRRRYYRR
33,RRRYYYRRRRYYYRRRRRRRRRRRRRRRRRRRRRRRRRRRRRRRRRRRRRRRRRRRRRRRRRRRRRRRRRRRRRRRRRRRRRRRRRRRRRRRRRRRRRRRRRRRRRYYRR
33,RRYYYRRRRRRYYYRRRRRRRRRRRRRRRRRRRRRRRRRRRRRRRRRRRRRRRRRRRRRRRRRRRRRRRRRRRRRRRRRRRRRRRRRRRRRRRRRRRRRRRRRRRRYYRR
33,RYYYRRRRRRRRYYYRRRRRRRRRRRRRRRRRRRRRRRRRRRRRRRRRRRRRRRRRRRRRRRRRRRRRRRRRRRRRRRRRRRRRRRRRRRRRRRRRRRRRRRRRRRYYRR
33,YYYRRRRRRRRRRYYYRRRRRRRRRRRRRRRRRRRRRRRRRRRRRRRRRRRRRRRRRRRRRRRRRRRRRRRRRRRRRRRRRRRRRRRRRRRRRRRRRRRRRRRRRRYYRR
33,YYRRRRRRRRRRRRYYYRRRRRRRRRRYRRRRRRRRRRRRRRRRRRRRRRRRRRRRRRRRRRRRRRRRRRRRRRRRRRRRRRRRRRRRRRRRRRRRRRRRRRRRRRYYRR
33,YRRRRRRRRRRRRRRYYYRRRRRRRRYYRRRRRRRRRRRRRRRRRRRRRRRRRRRRRRRRRRRRRRRRRRRRRRRRRRRRRRRRRRRRRRRRRRRRRRRRRRRRRRYYRR
33,RRRRRRRRRRRRRRRRYYYRRRRRRYYYRRRRRRRRRRRRRRRRRRRRRRRRRRRRRRRRRRRRRRRRRRRRRRRRRRRRRRRRRRRRRRRRRRRRRRRRRRRRRRRRRR
33,RRRRRRRRRRRRRRRRRYYYRRRRYYYRRRRRRRRRRRRRRRRRRRRRRRRRRRRRRRRRRRRRRRRRRRRRRRRRRRRRRRRRRRRRRRRRRRRRRRRRRRRRRRRRRR
33,RRRRRRRRRRRRRRRRRRYYYRRYYYRRRRRRRRRRRRRRRRRRRRRRRRRRRRRRRRRRRRRRRRRRRRRRRRRRRRRRRRRRRRRRRRRRRRRRRRRRRRRRRRRRRR
33,RRRRRRRRRRRRRRRRRRRYYYYYYRRRRRRRRRRRRRRRRRRRRRRRRRRRRRRRRRRRRRRRRRRRRRRRRRRRRRRRRRRRRRRRRRRRRRRRRRRRRRRRRRRRRR
33,RRRRRRRRRRRRRRRRRRRRYYYYRRRRRRRRRRRRRRRRRRRRRRRRRRRRRRRRRRRRRRRRRRRRRRRRRRRRRRRRRRRRRRRRRRRRRRRRRRRRRRRRRRRRRR
33,RRRRRRRRRRRRRRRRRRRRRYYRRRRRRRRRRRRRRRRRRRRRRRRRRRRRRRRRRRRRRRRRRRRRRRRRRRRRRRRRRRRRRRRRRRRRRRRRRRRRRRRRRRRRRR
